scenario_id,split,regime,domain_length_m,spatial_nodes,spatial_step_m,final_time_s,time_nodes,time_step_s,velocity_m_s,dispersion_m2_s,retardation_factor,decay_rate_s_1,source_concentration_mg_L,source_start_s,source_duration_s,source_end_s,dispersivity_m,peclet_number,damkohler_number,advective_travel_time_s
ADR1D-0001,train,conservative,1000,51,20,86400,49,1800,0.214614787236,8.5550649528,1,0,0.274819502291,3513.44132358,2946.82492721,6460.26625079,39.8624207724,25.0862837887,0,4659.51117757
ADR1D-0002,train,conservative,1000,51,20,86400,49,1800,0.30741287003,10.7324221308,1,0,1.69231390158,2383.81867131,9709.18818816,12093.0068595,34.912078111,28.6433822937,0,3252.95424327
ADR1D-0003,train,conservative,1000,51,20,86400,49,1800,0.271836651268,17.6774929917,1,0,1.17527390504,214.924827079,3073.89680485,3288.82163193,65.0298365184,15.3775567268,0,3678.67980765
ADR1D-0004,train,conservative,1000,51,20,86400,49,1800,0.108294393681,7.74729301187,1,0,0.598006629652,1247.97887818,10659.3240213,11907.3028994,71.5391882121,13.9783526343,0,9234.08835867
ADR1D-0005,train,conservative,1000,51,20,86400,49,1800,0.0913477036518,4.27962244058,1,0,0.445478282451,615.412095864,7964.16631172,8579.57840758,46.8498086924,21.344804342,0,10947.1826879
ADR1D-0006,train,conservative,1000,51,20,86400,49,1800,0.1014209829,1.19409789515,1,0,0.334452550647,1854.5846171,6072.12383467,7926.70845177,11.7736770144,84.9352329586,0,9859.89261206
ADR1D-0007,train,conservative,1000,51,20,86400,49,1800,0.279361890432,3.1236298445,1,0,1.34476154581,1556.78734329,7182.21840556,8739.00574885,11.1813026453,89.4350177004,0,3579.58631527
ADR1D-0008,train,conservative,1000,51,20,86400,49,1800,0.0543436443295,2.41237315663,1,0,0.542356679728,1811.9254238,6188.84213299,8000.76755679,44.3910817243,22.5270473518,0,18401.4158847
ADR1D-0009,train,conservative,1000,51,20,86400,49,1800,0.133662119865,5.64435597335,1,0,2.11991671411,3590.29371954,8652.15603737,12242.4497569,42.2285384899,23.6806679975,0,7481.55125036
ADR1D-0010,validation,conservative,1000,51,20,86400,49,1800,0.147980878697,4.19306311709,1,0,3.19235431838,2940.1709406,9277.0123412,12217.1832818,28.3351683947,35.2918319055,0,6757.62982895
ADR1D-0011,train,conservative,1000,51,20,86400,49,1800,0.298101252541,13.0797237295,1,0,1.31761746065,697.12787447,5805.16235326,6502.29022772,43.8767821941,22.791097022,0,3354.5649053
ADR1D-0012,validation,conservative,1000,51,20,86400,49,1800,0.225459866667,1.00141512513,1,0,0.292210710319,998.715754625,6480.32062042,7479.03637505,4.44165580301,225.141263607,0,4435.37918647
ADR1D-0013,train,conservative,1000,51,20,86400,49,1800,0.085376369355,9.55732879388,1,0,0.454353312394,1400.15208264,8986.27328838,10386.425371,111.943490524,8.93307860348,0,11712.8428809
ADR1D-0014,train,conservative,1000,51,20,86400,49,1800,0.134573881179,11.7443966194,1,0,3.11060648828,2857.85541286,5137.67984098,7995.53525384,87.2709958018,11.4585606686,0,7430.86244701
ADR1D-0015,train,conservative,1000,51,20,86400,49,1800,0.255070608662,1.88765355617,1,0,0.269876028195,1908.94673305,10110.1124992,12019.0592323,7.40051378742,135.125753255,0,3920.48305858
ADR1D-0016,test,conservative,1000,51,20,86400,49,1800,0.226395285384,1.68124308032,1,0,4.07329167041,2088.63998837,8179.70523459,10268.345223,7.42613998107,134.659460036,0,4417.05311267
ADR1D-0017,train,conservative,1000,51,20,86400,49,1800,0.348515737128,1.13515874216,1,0,0.336616127006,2425.76473604,3629.69137203,6055.45610808,3.25712334115,307.019383444,0,2869.31089035
ADR1D-0018,train,conservative,1000,51,20,86400,49,1800,0.0702105785917,1.27682990531,1,0,0.230357594219,1758.91524125,6878.00607866,8636.92131991,18.1857197437,54.9882003073,0,14242.8679561
ADR1D-0019,train,conservative,1000,51,20,86400,49,1800,0.285695764349,9.00607410217,1,0,0.57195529952,1025.42610603,8447.20027464,9472.62638068,31.5233028488,31.7225642502,0,3500.22690144
ADR1D-0020,train,conservative,1000,51,20,86400,49,1800,0.0964052211557,1.26707231509,1,0,0.627426593813,1276.12387891,10204.529244,11480.6531229,13.1431918303,76.0850189903,0,10372.8821739
ADR1D-0021,validation,conservative,1000,51,20,86400,49,1800,0.202540096675,1.44873290185,1,0,0.912619529439,9.27389395964,7281.43221539,7290.70610935,7.15282023477,139.804995397,0,4937.29397988
ADR1D-0022,train,conservative,1000,51,20,86400,49,1800,0.231111912885,2.21918213388,1,0,2.4876348377,110.548103897,4446.06373316,4556.61183705,9.60219707488,104.142832333,0,4326.90806595
ADR1D-0023,train,conservative,1000,51,20,86400,49,1800,0.335266413039,7.24148813948,1,0,3.4446112011,2284.95457732,3763.31911538,6048.2736927,21.5992054612,46.2979993313,0,2982.70259444
ADR1D-0024,validation,conservative,1000,51,20,86400,49,1800,0.322980122428,7.46279165825,1,0,2.25045320567,2168.54733379,3524.73457908,5693.28191288,23.1060400936,43.2787269454,0,3096.1657717
ADR1D-0025,train,conservative,1000,51,20,86400,49,1800,0.198413628587,14.8863227815,1,0,0.373114312596,2209.05314753,8295.1121648,10504.1653123,75.0267150876,13.3285856756,0,5039.97637219
ADR1D-0026,train,conservative,1000,51,20,86400,49,1800,0.140188268444,2.5701008582,1,0,1.15826052012,1154.92136066,9024.45448121,10179.3758419,18.3332092388,54.5458237549,0,7133.26450994
ADR1D-0027,train,conservative,1000,51,20,86400,49,1800,0.065509327035,5.06875655407,1,0,2.70884650306,3261.46936882,10027.5811741,13289.0505429,77.3745783003,12.92414152,0,15265.0018747
ADR1D-0028,train,conservative,1000,51,20,86400,49,1800,0.237909755312,19.8958655896,1,0,0.743510206131,1119.49897529,3350.79385701,4470.29283231,83.6277838356,11.9577484197,0,4203.27446719
ADR1D-0029,validation,conservative,1000,51,20,86400,49,1800,0.15242164188,3.01617826597,1,0,4.97059236474,3026.06530441,2248.42629628,5274.49160069,19.7883858799,50.5346927269,0,6560.74811729
ADR1D-0030,test,conservative,1000,51,20,86400,49,1800,0.21354236433,12.8129403856,1,0,0.823970001435,2724.51193158,5468.9504907,8193.46242228,60.0018662611,16.6661482769,0,4682.91152971
ADR1D-0031,train,conservative,1000,51,20,86400,49,1800,0.310722161499,9.91692530288,1,0,4.33446809613,3390.752915,5542.8082001,8933.56111511,31.9157322253,31.332510028,0,3218.30922898
ADR1D-0032,train,conservative,1000,51,20,86400,49,1800,0.329706543609,3.2518607087,1,0,0.361894678767,2000.54034444,4861.05057728,6861.59092172,9.86289405453,101.39011881,0,3033.00016145
ADR1D-0033,validation,conservative,1000,51,20,86400,49,1800,0.159658602904,3.66773304102,1,0,1.72759006726,3159.79323362,3860.95601462,7020.74924824,22.9723483377,43.5305953619,0,6263.36433998
ADR1D-0034,train,conservative,1000,51,20,86400,49,1800,0.191547273996,1.80596077524,1,0,1.09941417594,3430.11290464,5923.03263395,9353.14553858,9.4282770909,106.063917125,0,5220.64333854
ADR1D-0035,train,conservative,1000,51,20,86400,49,1800,0.194284449214,11.212731791,1,0,0.837519694042,865.262669112,7382.9085715,8248.17124061,57.7129658931,17.3271289133,0,5147.09233831
ADR1D-0036,train,conservative,1000,51,20,86400,49,1800,0.261968311188,6.59795718388,1,0,2.56169931157,408.882976491,2015.27177901,2424.1547555,25.1860889355,39.7044575901,0,3817.2555889
ADR1D-0037,train,conservative,1000,51,20,86400,49,1800,0.274038567527,1.9285466124,1,0,2.33467421765,3303.08330175,3962.02957311,7265.11287487,7.03750070586,142.09590049,0,3649.12139567
ADR1D-0038,test,conservative,1000,51,20,86400,49,1800,0.0608376528039,2.09288500965,1,0,2.80017127532,1616.02348056,9402.96497339,11018.988454,34.4011465465,29.0687985835,0,16437.1890418
ADR1D-0039,test,conservative,1000,51,20,86400,49,1800,0.316463094077,1.11368643743,1,0,1.38954233325,2140.85049025,10360.5322541,12501.3827443,3.51916687371,284.15816467,0,3159.92612951
ADR1D-0040,train,conservative,1000,51,20,86400,49,1800,0.0772500511381,6.3296327161,1,0,0.656576197016,2551.77053368,6986.8210092,9538.59154288,81.9369388479,12.2045076868,0,12944.9752494
ADR1D-0041,validation,conservative,1000,51,20,86400,49,1800,0.154977697361,6.15339445311,1,0,4.48867452072,769.37211608,9824.5533302,10593.9254463,39.7050321298,25.1857244878,0,6452.54134647
ADR1D-0042,train,conservative,1000,51,20,86400,49,1800,0.321725896913,1.61387027227,1,0,0.524021600699,2674.06825694,1902.45291501,4576.52117195,5.01628960478,199.350531725,0,3108.23595363
ADR1D-0043,train,conservative,1000,51,20,86400,49,1800,0.332959512343,3.80336425668,1,0,0.200193021905,2621.49363413,5660.60993463,8282.10356876,11.4229031329,87.5434194236,0,3003.36816618
ADR1D-0044,train,conservative,1000,51,20,86400,49,1800,0.288828694818,2.69119857119,1,0,0.317193579455,144.789746732,2495.31108928,2640.10083601,9.31762882108,107.323442391,0,3462.25987217
ADR1D-0045,train,conservative,1000,51,20,86400,49,1800,0.118745730546,5.48860269084,1,0,3.76030111174,822.162750374,7847.20854942,8669.37129979,46.2214739478,21.6349656251,0,8421.35540708
ADR1D-0046,train,conservative,1000,51,20,86400,49,1800,0.0502794509518,1.05565685727,1,0,0.99565938989,2532.15003238,8834.08064204,11366.2306744,20.9957912682,47.6285931416,0,19888.8408896
ADR1D-0047,test,conservative,1000,51,20,86400,49,1800,0.189333677263,4.86954324374,1,0,0.214293727758,1448.57240763,2855.91054881,4304.48295644,25.7193718209,38.8811984586,0,5281.68054652
ADR1D-0048,train,conservative,1000,51,20,86400,49,1800,0.12940342606,1.9896696411,1,0,4.69858215695,3470.2518763,6829.56534811,10299.8172244,15.3757106877,65.0376441329,0,7727.7706661
ADR1D-0049,test,conservative,1000,51,20,86400,49,1800,0.14525036862,5.33450631145,1,0,1.4613284198,558.233356225,10441.8295539,11000.0629102,36.7262841542,27.2284556695,0,6884.66411136
ADR1D-0050,train,conservative,1000,51,20,86400,49,1800,0.183912619221,1.5242999914,1,0,1.51228662607,454.421200165,2748.63254602,3203.05374618,8.28817510106,120.653821596,0,5437.36478897
ADR1D-0051,train,conservative,1000,51,20,86400,49,1800,0.265029967685,19.1695826685,1,0,3.63176710758,369.364180945,6423.36475756,6792.72893851,72.3298683388,13.8255470799,0,3773.15821579
ADR1D-0052,test,conservative,1000,51,20,86400,49,1800,0.297284307404,17.9803646238,1,0,0.249417433439,1090.42131808,6659.05774866,7749.47906674,60.4820509391,16.5338308552,0,3363.78333836
ADR1D-0053,train,conservative,1000,51,20,86400,49,1800,0.242634625983,16.8506893151,1,0,0.938270040355,3076.00430096,2049.35846325,5125.36276421,69.4488235006,14.3990920162,0,4121.42329623
ADR1D-0054,validation,conservative,1000,51,20,86400,49,1800,0.221278996607,1.63530657617,1,0,0.237969801687,309.623366531,5010.56459146,5320.18795799,7.39024761156,135.31346344,0,4519.18173588
ADR1D-0055,train,conservative,1000,51,20,86400,49,1800,0.250355643439,15.1848731657,1,0,1.97834987708,2887.19953236,3428.62230443,6315.82183678,60.6532089994,16.487173828,0,3994.31778834
ADR1D-0056,train,conservative,1000,51,20,86400,49,1800,0.340468310197,11.9539000118,1,0,1.23989637061,2025.85358605,7448.95313487,9474.80672092,35.1101692985,28.4817766471,0,2937.13091659
ADR1D-0057,validation,conservative,1000,51,20,86400,49,1800,0.179219782028,2.25981484678,1,0,1.87040107715,2456.88422185,2587.71301995,5044.5972418,12.6091819843,79.3072858528,0,5579.74119087
ADR1D-0058,train,conservative,1000,51,20,86400,49,1800,0.26713978246,8.08619459473,1,0,1.81453614283,2806.46985681,5330.82255528,8137.29241209,30.2695260147,33.0365265553,0,3743.35859224
ADR1D-0059,train,conservative,1000,51,20,86400,49,1800,0.0667474685748,1.40398276103,1,0,2.97697136083,2347.73989656,5245.28906868,7593.02896523,21.0342473056,47.5415157705,0,14981.8415792
ADR1D-0060,train,conservative,1000,51,20,86400,49,1800,0.206264340249,2.8625871692,1,0,4.02703118271,3013.54668631,4192.78962312,7206.33630944,13.878245584,72.0552172063,0,4848.14776414
ADR1D-0061,train,conservative,1000,51,20,86400,49,1800,0.164277749,2.7366663424,1,0,0.294901398704,1525.54650662,4724.33261734,6249.87912396,16.6587767306,60.0284172226,0,6087.25165815
ADR1D-0062,test,conservative,1000,51,20,86400,49,1800,0.125944258358,13.6680601584,1,0,0.681983004892,1325.47687638,8590.83940989,9916.31628628,108.524678589,9.2144940027,0,7940.02055382
ADR1D-0063,test,conservative,1000,51,20,86400,49,1800,0.302057713714,1.32670069026,1,0,0.227271532382,2747.37888189,3193.31086649,5940.68974837,4.39220927002,227.675854797,0,3310.62560099
ADR1D-0064,test,conservative,1000,51,20,86400,49,1800,0.110251225825,8.79755295898,1,0,2.0849009732,627.032185792,9491.87875028,10118.9109361,79.7955115071,12.5320332073,0,9070.19393679
ADR1D-0065,train,conservative,1000,51,20,86400,49,1800,0.171981094845,14.1795822718,1,0,0.776607015717,3192.72636801,10712.2414031,13904.9677711,82.4484940307,12.1287843005,0,5814.5925917
ADR1D-0066,validation,conservative,1000,51,20,86400,49,1800,0.167345460478,2.39202798178,1,0,0.484330208053,93.9690147133,8106.27532596,8200.24434067,14.2939520137,69.9596583954,0,5975.66254349
ADR1D-0067,train,conservative,1000,51,20,86400,49,1800,0.0863921535499,3.46529499526,1,0,1.03314031216,3312.84025325,4228.76153237,7541.60178562,40.1112236802,24.9306779562,0,11575.1252736
ADR1D-0068,train,conservative,1000,51,20,86400,49,1800,0.246586105897,10.4662095046,1,0,0.494948477267,744.108056026,7649.95982562,8394.06788165,42.4444413301,23.5602111528,0,4055.37853142
ADR1D-0069,train,conservative,1000,51,20,86400,49,1800,0.0786068820307,3.90799822547,1,0,0.394418410031,243.420752401,9121.17255178,9364.59330418,49.7157262127,20.1143597043,0,12721.532443
ADR1D-0070,train,conservative,1000,51,20,86400,49,1800,0.343533870175,6.81345115183,1,0,1.58223090599,1383.63846679,4345.16095358,5728.79942037,19.8334188951,50.4199505536,0,2910.92112545
ADR1D-0071,validation,conservative,1000,51,20,86400,49,1800,0.114779751255,3.34993490456,1,0,3.32409245717,1938.28987616,2332.81697983,4271.10685599,29.1857655026,34.2632781008,0,8712.33810031
ADR1D-0072,train,conservative,1000,51,20,86400,49,1800,0.240109045037,4.58104102615,1,0,0.700608771288,501.766866234,6252.07779718,6753.84466342,19.0790023151,52.413642154,0,4164.77438343
ADR1D-0073,train,conservative,1000,51,20,86400,49,1800,0.102090589767,16.0267556165,1,0,0.429022956344,1697.27717676,4587.5555412,6284.83271796,156.985630636,6.37000976428,0,9795.22208935
ADR1D-0074,test,conservative,1000,51,20,86400,49,1800,0.290808443254,4.44761644851,1,0,0.399778535177,1639.45539758,7692.26474104,9331.72013862,15.2939728941,65.3852342307,0,3438.68970519
ADR1D-0075,train,conservative,1000,51,20,86400,49,1800,0.175135935136,5.92650364112,1,0,0.893623519602,927.721973718,9880.96253973,10808.6845134,33.8394495483,29.5513081137,0,5709.85046116
ADR1D-0076,train,decay_only,1000,51,20,86400,49,1800,0.305483701725,5.90744859588,1,1.80791589701e-05,3.48479571251,3251.08375424,2122.0208403,5373.10459454,19.3380156209,51.7116140356,0.0591820737669,3273.49706172
ADR1D-0077,train,decay_only,1000,51,20,86400,49,1800,0.255218447683,1.36468778998,1,4.53433167832e-07,0.389673122357,2828.87977083,5208.43088147,8037.31065231,5.34713615871,187.015997035,0.00177664730723,3918.21206138
ADR1D-0078,train,decay_only,1000,51,20,86400,49,1800,0.299464327423,16.1705963217,1,1.01872777151e-07,2.66128067819,2722.40000984,4292.4166289,7014.81663874,53.9984059565,18.5190651888,0.000340183346803,3339.29589746
ADR1D-0079,train,decay_only,1000,51,20,86400,49,1800,0.347311733901,1.25003126194,1,2.30525350951e-07,0.238471637414,267.28691222,6490.57452235,6757.86143457,3.59916219328,277.842438406,0.000663741902301,2879.25774568
ADR1D-0080,test,decay_only,1000,51,20,86400,49,1800,0.188501323855,8.07359461084,1,2.001655025e-07,0.207804296639,3400.41766863,10566.5187631,13966.9364317,42.8304398386,23.3478807075,0.00106187849723,5305.00253023
ADR1D-0081,train,decay_only,1000,51,20,86400,49,1800,0.0756535142466,9.02989143943,1,1.6042783801e-07,3.9995770981,2220.73719011,6996.58984616,9217.32703628,119.358519288,8.37812001995,0.00212056028867,13218.1566178
ADR1D-0082,train,decay_only,1000,51,20,86400,49,1800,0.211017599454,1.1043445836,1,3.27501234188e-07,2.07919486872,508.876396552,10539.7335459,11048.6099425,5.23342406726,191.07948967,0.00155200909798,4738.94121905
ADR1D-0083,train,decay_only,1000,51,20,86400,49,1800,0.0842659297062,4.28989882498,1,1.11598044294e-06,1.43271370274,389.385058995,9919.9392178,10309.3242768,50.9090547026,19.6428711128,0.0132435546232,11867.192393
ADR1D-0084,train,decay_only,1000,51,20,86400,49,1800,0.10802045951,13.1101702473,1,1.20606045634e-07,0.372190522646,639.902801782,3908.18850355,4548.09130533,121.36747341,8.23943987549,0.00111651113299,9257.50551825
ADR1D-0085,train,decay_only,1000,51,20,86400,49,1800,0.214641009917,17.346173476,1,3.55261769355e-06,0.78092012414,1767.67614779,9827.6854181,11595.3615659,80.8148148515,12.3739688303,0.0165514395172,4658.94192535
ADR1D-0086,train,decay_only,1000,51,20,86400,49,1800,0.172623966684,9.70739968323,1,1.02139030524e-06,2.12464609611,167.341435713,7824.2142521,7991.55568781,56.2343680876,17.7827196074,0.0059168510889,5792.93836894
ADR1D-0087,train,decay_only,1000,51,20,86400,49,1800,0.221401307886,1.83725730043,1,1.59411182595e-05,1.35240723991,2332.70367455,5965.88590541,8298.58957996,8.29831276956,120.50642435,0.0720010121516,4516.68515217
ADR1D-0088,validation,decay_only,1000,51,20,86400,49,1800,0.232670780909,19.7548652684,1,2.55347594852e-07,0.98424645082,1240.84509756,9252.01472273,10492.8598203,84.9047963447,11.7778976342,0.00109746309294,4297.9182693
ADR1D-0089,train,decay_only,1000,51,20,86400,49,1800,0.071463592377,18.2592155965,1,4.22996612776e-06,2.74281521992,3467.93650873,6348.64479248,9816.58130121,255.503746581,3.91383693343,0.0591905050819,13993.1392579
ADR1D-0090,train,decay_only,1000,51,20,86400,49,1800,0.236597075319,7.48190293728,1,9.04113585877e-06,0.362653576771,344.257930953,9442.87880155,9787.1367325,31.6229730532,31.6225801514,0.0382132190205,4226.59493424
ADR1D-0091,validation,decay_only,1000,51,20,86400,49,1800,0.22889521213,1.08066066936,1,1.39847797486e-07,0.431108819987,3100.17568606,4555.20786181,7655.38354787,4.72120259442,211.810440243,0.000610968644492,4368.81134687
ADR1D-0092,train,decay_only,1000,51,20,86400,49,1800,0.198203297211,3.50082346699,1,1.51852450878e-06,0.65882147826,2080.14835829,8453.99642093,10534.1447792,17.6627912666,56.6161930413,0.00766144928034,5045.32474522
ADR1D-0093,validation,decay_only,1000,51,20,86400,49,1800,0.0508326922011,3.32590656781,1,3.85671451782e-06,0.209788862488,1884.28002601,5443.87523711,7328.15526312,65.4284953992,15.2838605549,0.0758707507082,19672.3792642
ADR1D-0094,validation,decay_only,1000,51,20,86400,49,1800,0.315887047565,10.3201881225,1,2.50986853165e-06,0.300498429598,3129.20654765,3310.36263783,6439.56918548,32.6705010607,30.6086520725,0.00794546199661,3165.6885197
ADR1D-0095,train,decay_only,1000,51,20,86400,49,1800,0.119721783731,2.07094146735,1,9.87188235893e-06,2.98908813123,1528.77588116,10294.515336,11823.2912172,17.2979503213,57.81031749,0.0824568599908,8352.69880583
ADR1D-0096,train,decay_only,1000,51,20,86400,49,1800,0.272636828209,3.19865113795,1,1.82277697479e-06,1.03410985874,2022.56353696,9557.07958025,11579.6431172,11.7322782801,85.2349369942,0.00668573276313,3667.88304635
ADR1D-0097,test,decay_only,1000,51,20,86400,49,1800,0.29699845662,1.96397899918,1,7.61066357887e-07,0.403422761627,1442.56573883,4824.24124523,6266.80698406,6.61275826661,151.222827099,0.00256252630585,3367.02086395
ADR1D-0098,train,decay_only,1000,51,20,86400,49,1800,0.247928144615,5.37902124836,1,3.82034822614e-07,1.28526509993,1810.07860719,2364.52541638,4174.60402357,21.6958879627,46.0916834433,0.00154090945668,4033.42670738
ADR1D-0099,train,decay_only,1000,51,20,86400,49,1800,0.338675554557,16.8060364607,1,1.3838884528e-05,1.90041121967,2156.26621824,7564.44729884,9720.71351707,49.6228211178,20.1520183148,0.0408617756488,2952.6784161
ADR1D-0100,test,decay_only,1000,51,20,86400,49,1800,0.102251713558,5.70478958758,1,9.1195159756e-07,0.726376834847,1193.57670269,3360.88954781,4554.46625049,55.7916282192,17.9238361008,0.00891869256593,9779.78720559
ADR1D-0101,train,decay_only,1000,51,20,86400,49,1800,0.174794272143,6.93673722017,1,3.14419947291e-06,0.262612010639,976.51650543,5027.69680196,6004.21330739,39.6851517793,25.1983413232,0.0179880006041,5721.01126506
ADR1D-0102,train,decay_only,1000,51,20,86400,49,1800,0.145376833396,4.20508731316,1,5.13008377394e-07,1.07474844516,1688.83046276,3095.55871941,4784.38918218,28.9254292788,34.5716563222,0.00352881793757,6878.67507252
ADR1D-0103,validation,decay_only,1000,51,20,86400,49,1800,0.0660462377437,5.14176707705,1,1.05111347751e-06,0.978200223957,2428.95743384,3986.2204758,6415.17790964,77.8510215375,12.8450466063,0.0159148123106,15140.9078573
ADR1D-0104,test,decay_only,1000,51,20,86400,49,1800,0.326290280049,6.75973550203,1,3.35785575499e-07,3.32881342023,109.503894103,6434.45296559,6543.95685969,20.7169380008,48.2696815506,0.00102910076098,3064.75571338
ADR1D-0105,train,decay_only,1000,51,20,86400,49,1800,0.285927956688,2.92404851115,1,8.35063568943e-07,1.71300641127,2461.11769077,10411.0002506,12872.1179413,10.2265219009,97.7849565758,0.00292053837133,3497.38448657
ADR1D-0106,train,decay_only,1000,51,20,86400,49,1800,0.318812144247,8.4819311486,1,1.73122577826e-07,0.463535103773,1991.4943708,3492.87957004,5484.37394084,26.6047931413,37.5872119994,0.000543023786737,3136.64337462
ADR1D-0107,validation,decay_only,1000,51,20,86400,49,1800,0.288626848212,14.7140801608,1,5.2722926143e-06,0.631454659226,2192.33197663,7730.76344076,9923.09541738,50.979596153,19.6156908932,0.0182668128311,3464.68114867
ADR1D-0108,validation,decay_only,1000,51,20,86400,49,1800,0.141920390336,4.39882529923,1,2.05393296801e-07,4.78654179202,322.566144212,8828.82822365,9151.39436787,30.9950197347,32.2632477269,0.00144724303756,7046.2038445
ADR1D-0109,train,decay_only,1000,51,20,86400,49,1800,0.334549797339,11.0612932716,1,2.77045709327e-07,0.883476795372,935.167397623,2723.47409991,3658.64149753,33.0632191666,30.2450888088,0.000828115011667,2989.09163286
ADR1D-0110,train,decay_only,1000,51,20,86400,49,1800,0.0606434347835,9.78927613591,1,6.58934578372e-07,0.34553433551,2498.3485092,7404.67566711,9903.02417631,161.423510572,6.19488447783,0.010865719937,16489.8311511
ADR1D-0111,train,decay_only,1000,51,20,86400,49,1800,0.19264531728,13.4570613185,1,1.14804794419e-07,0.567617556915,1023.15361718,4797.37434538,5820.52796256,69.8540795514,14.3155561768,0.000595938671339,5190.88662065
ADR1D-0112,validation,decay_only,1000,51,20,86400,49,1800,0.258181978093,10.8582952717,1,2.89552519568e-07,1.15530483792,561.679948287,6212.9316582,6774.61160649,42.0567514119,23.7773952202,0.00112150554313,3873.23703763
ADR1D-0113,test,decay_only,1000,51,20,86400,49,1800,0.122168361753,1.63526943205,1,8.31529079213e-06,0.553578737562,1604.14935092,1916.51916721,3520.66851813,13.3853757928,74.708399337,0.0680641916845,8185.42530694
ADR1D-0114,train,decay_only,1000,51,20,86400,49,1800,0.135931760972,18.6118930858,1,1.18884092237e-05,2.6056956101,209.380838162,1945.59066919,2154.97150735,136.920856118,7.30348924447,0.0874586567462,7356.63242242
ADR1D-0115,train,decay_only,1000,51,20,86400,49,1800,0.151718477545,2.69705125896,1,2.48904341414e-07,2.27905601257,3321.48158322,5368.31343651,8689.79501973,17.7766828576,56.2534646092,0.00164056709137,6591.15498771
ADR1D-0116,train,decay_only,1000,51,20,86400,49,1800,0.181783119914,3.95623374279,1,7.18721320083e-07,0.83711103323,2982.65811966,8066.81066818,11049.4687878,21.7634824656,45.9485287605,0.00395372969957,5501.06082717
ADR1D-0117,train,decay_only,1000,51,20,86400,49,1800,0.209414787812,12.7075276549,1,7.02000218305e-06,4.52652215095,2882.80264107,9701.99294011,12584.7955812,60.6811380789,16.4795854471,0.0335219984052,4775.21196306
ADR1D-0118,train,decay_only,1000,51,20,86400,49,1800,0.292624991053,4.91016604794,1,4.30656095372e-07,3.24716083375,703.043472224,9059.7751096,9762.81858182,16.7797221634,59.5957424241,0.00147169964473,3417.34312029
ADR1D-0119,train,decay_only,1000,51,20,86400,49,1800,0.166057700196,15.57261668,1,1.40152253537e-06,1.52905075571,1572.36026911,8963.34868041,10535.7089495,93.778347295,10.6634423494,0.0084399731763,6022.00318815
ADR1D-0120,train,decay_only,1000,51,20,86400,49,1800,0.148910970661,11.9816279874,1,7.70670952491e-06,0.511605803464,2749.51318591,5726.5227566,8476.03594252,80.4616875052,12.4282752575,0.0517538062555,6715.42194346
ADR1D-0121,train,decay_only,1000,51,20,86400,49,1800,0.309104029078,14.1782623115,1,4.96402031557e-07,0.271773570664,2265.96322947,6785.74394359,9051.70717306,45.8689016569,21.8012632498,0.00160593840539,3235.1567949
ADR1D-0122,train,decay_only,1000,51,20,86400,49,1800,0.110482707834,2.46521990848,1,3.85683463127e-07,1.68206328024,2970.20669602,10003.9637634,12974.1704594,22.3131742226,44.8165729369,0.00349089437332,9051.19017813
ADR1D-0123,train,decay_only,1000,51,20,86400,49,1800,0.16211718085,1.42638502745,1,1.2863930162e-05,1.84782820789,1102.30515977,8316.07849518,9418.38365495,8.7984815673,113.655974881,0.0793495796962,6168.37768061
ADR1D-0124,train,decay_only,1000,51,20,86400,49,1800,0.130997174331,1.72484778997,1,1.79816334805e-06,4.36225360885,3574.12140997,5131.72440293,8705.8458129,13.1670610361,75.9470923131,0.0137267338569,7633.75244626
ADR1D-0125,train,decay_only,1000,51,20,86400,49,1800,0.197368980025,4.71206135608,1,5.9670556527e-07,0.251120935352,41.8777229959,4635.24273324,4677.12045623,23.8743765888,41.8859104563,0.00302329963499,5066.65231725
ADR1D-0126,train,decay_only,1000,51,20,86400,49,1800,0.268062473386,5.31907033533,1,4.80746859587e-06,4.1936084818,462.432055449,5634.92757779,6097.35963324,19.842651857,50.3964897034,0.0179341350363,3730.47367417
ADR1D-0127,test,decay_only,1000,51,20,86400,49,1800,0.158951796896,6.33668974182,1,2.6300721298e-06,0.80737695962,725.619810235,7535.53743349,8261.15724372,39.8654803881,25.0843584541,0.0165463504103,6291.21544724
ADR1D-0128,train,decay_only,1000,51,20,86400,49,1800,0.342921066637,2.24339318652,1,1.0623517275e-05,0.233624938388,2592.50763714,7130.11116431,9722.61880146,6.54201040643,152.858209919,0.0309794827691,2916.12297199
ADR1D-0129,train,decay_only,1000,51,20,86400,49,1800,0.184781282275,2.0467483429,1,1.6420687095e-06,0.483332467856,2578.35179806,8225.37488299,10803.726681,11.0765999549,90.2804113244,0.00888655327687,5411.80355331
ADR1D-0130,test,decay_only,1000,51,20,86400,49,1800,0.313047480635,1.19086969526,1,1.73218554638e-05,4.98327557243,3452.29156243,10188.448249,13640.7398114,3.80411844504,262.872992639,0.0553329975013,3194.40360284
ADR1D-0131,train,decay_only,1000,51,20,86400,49,1800,0.114354891978,1.55739299662,1,2.12708252891e-06,1.47321508505,78.2188192382,6707.41566878,6785.63448802,13.6189451074,73.4271261181,0.0186007130269,8744.70678692
ADR1D-0132,validation,decay_only,1000,51,20,86400,49,1800,0.0943322588272,1.78737600516,1,1.27729946198e-06,1.99610632363,829.473724928,3228.25836725,4057.73209218,18.9476646418,52.7769526695,0.0135404312148,10600.8274628
ADR1D-0133,test,decay_only,1000,51,20,86400,49,1800,0.0551564651293,7.82919340404,1,1.42997666544e-07,0.71883594443,1421.65301402,4161.27336978,5582.92638379,141.94516247,7.04497414776,0.00259258214261,18130.2409003
ADR1D-0134,train,decay_only,1000,51,20,86400,49,1800,0.100137146973,11.7592083512,1,8.10253074964e-07,0.436846956803,1122.40672264,2540.91389594,3663.32061858,117.431030408,8.51563676587,0.00809143359337,9986.30408621
ADR1D-0135,train,decay_only,1000,51,20,86400,49,1800,0.24459438472,2.3367734753,1,1.22328649285e-06,2.43306950223,2878.61973769,6102.14524562,8980.7649833,9.5536677098,104.67184231,0.00500128608534,4088.40129811
ADR1D-0136,train,decay_only,1000,51,20,86400,49,1800,0.274070334484,2.77287843467,1,6.84845557451e-06,1.62861150107,3514.26626271,5833.97597188,9348.24223459,10.1173971999,98.8396501832,0.0249879491241,3648.69843314
ADR1D-0137,test,decay_only,1000,51,20,86400,49,1800,0.223650601433,7.18348922454,1,1.9518446287e-06,1.25167447574,1848.41636894,9142.93271613,10991.3490851,32.1192484103,31.1339788287,0.00872720491783,4471.26005292
ADR1D-0138,train,decay_only,1000,51,20,86400,49,1800,0.0933842887258,2.51178906974,1,9.38338317386e-06,1.19193314147,1649.92016095,7285.76814804,8935.68830898,26.8973411267,37.178396009,0.100481390413,10708.439435
ADR1D-0139,train,decay_only,1000,51,20,86400,49,1800,0.154755685168,1.15140644849,1,1.42254310736e-05,0.909588633821,2655.05705994,4320.80216029,6975.85922023,7.44015605786,134.405782919,0.091921864183,6461.79814921
ADR1D-0140,validation,decay_only,1000,51,20,86400,49,1800,0.250206431985,1.47977589305,1,5.07110326675e-06,3.64251145224,1352.0116409,6934.52352958,8286.53517048,5.91422003548,169.084003301,0.0202676774795,3996.6998133
ADR1D-0141,train,decay_only,1000,51,20,86400,49,1800,0.0626595259879,3.82183138721,1,1.80356942294e-07,0.605491113609,577.895232764,2832.45055207,3410.34578484,60.9936211127,16.3951570961,0.00287836429419,15959.2653189
ADR1D-0142,train,decay_only,1000,51,20,86400,49,1800,0.080014105844,3.03475966567,1,5.48964394867e-07,2.88142284422,2390.83316201,2518.7806929,4909.61385491,37.9278082741,26.3658789027,0.00686084521068,12497.7963504
ADR1D-0143,train,decay_only,1000,51,20,86400,49,1800,0.129428759379,6.27787758365,1,2.88526641438e-06,3.75531960983,3188.04137805,3780.12245831,6968.16383636,48.5045025061,20.6166427513,0.0222923129931,7726.25809596
ADR1D-0144,train,decay_only,1000,51,20,86400,49,1800,0.323559751057,3.11488143855,1,1.29268926806e-07,0.689079523152,791.031073337,8550.84038703,9341.87146037,9.62691258224,103.875462819,0.000399521035554,3090.61926502
ADR1D-0145,train,decay_only,1000,51,20,86400,49,1800,0.331408357268,2.16994908308,1,4.20381751597e-06,0.218792735821,1306.37580124,2217.45352901,3523.82933024,6.54765951277,152.726328858,0.0126847058132,3017.42541511
ADR1D-0146,train,decay_only,1000,51,20,86400,49,1800,0.205456504166,1.30173621045,1,1.98670040526e-05,0.327048380222,3027.83976456,2911.44298045,5939.28274501,6.33582380724,157.832671871,0.0966968854711,4867.21023537
ADR1D-0147,validation,decay_only,1000,51,20,86400,49,1800,0.264739620201,1.00071708475,1,3.26510670644e-06,2.34837376227,1279.54768894,3654.65636931,4934.20405825,3.7800049875,264.549915492,0.0123332756312,3777.2963459
ADR1D-0148,test,decay_only,1000,51,20,86400,49,1800,0.240899045926,8.80406844006,1,5.84687095965e-06,0.534928389246,891.383935381,8746.99272544,9638.37666082,36.5467136086,27.3622413963,0.0242710424077,4151.11648182
ADR1D-0149,test,decay_only,1000,51,20,86400,49,1800,0.278592103152,1.49591871377,1,2.32458635766e-06,0.309593600208,3293.10819918,7954.48055092,11247.5887501,5.36956610343,186.234787083,0.00834404971053,3589.47719151
ADR1D-0150,train,decay_only,1000,51,20,86400,49,1800,0.0875869344989,3.64984466116,1,6.16177737967e-06,0.287491319637,1924.18544769,10793.2921657,12717.4776134,41.6711086196,23.9974417079,0.070350417159,11417.2279886
ADR1D-0151,train,retardation_only,1000,51,20,86400,49,1800,0.297391498388,1.1171843325,1.25434911932,0,1.58297339884,598.606744164,3561.05194168,4159.65868584,3.75661153244,266.197340706,0,4217.83785385
ADR1D-0152,train,retardation_only,1000,51,20,86400,49,1800,0.155790129981,4.9972109341,1.57745306941,0,1.9830986374,3332.80910983,2464.48867882,5797.29778865,32.0765566773,31.1754160542,0,10125.5006951
ADR1D-0153,train,retardation_only,1000,51,20,86400,49,1800,0.264342332143,7.4403265512,2.98484250051,0,2.48513956779,1279.54205252,4953.67720238,6233.2192549,28.1465571212,35.5283239685,0,11291.5796585
ADR1D-0154,train,retardation_only,1000,51,20,86400,49,1800,0.0554079243742,14.8660089889,1.42491291077,0,2.27385164912,3087.59501213,4386.83711653,7474.43212866,268.301134843,3.72715531221,0,25716.7711454
ADR1D-0155,train,retardation_only,1000,51,20,86400,49,1800,0.213111806637,5.47504054694,1.59533789687,0,3.75590202205,631.658405386,10569.678847,11201.3372524,25.6909301899,38.9242426261,0,7485.91981854
ADR1D-0156,validation,retardation_only,1000,51,20,86400,49,1800,0.066365494686,3.13969095098,2.96052521424,0,0.864359876177,2796.83510743,10699.5267202,13496.3618277,47.3090868355,21.137588292,0,44609.4047554
ADR1D-0157,train,retardation_only,1000,51,20,86400,49,1800,0.0810949675417,2.71333494552,2.47750848482,0,2.53797016853,2585.86022647,4297.91215641,6883.77238288,33.4587339729,29.8875624167,0,30550.7056717
ADR1D-0158,train,retardation_only,1000,51,20,86400,49,1800,0.312271816139,2.80092257362,1.74254119664,0,1.42665330183,1529.66800273,6852.4127677,8382.08077044,8.96950166126,111.488914074,0,5580.20643099
ADR1D-0159,test,retardation_only,1000,51,20,86400,49,1800,0.293660320861,5.68898983542,1.33740902871,0,1.88193378027,745.26976079,8821.28135819,9566.55111898,19.3726882091,51.6190623216,0,4554.27217675
ADR1D-0160,test,retardation_only,1000,51,20,86400,49,1800,0.115109735759,8.89850551715,1.93431935522,0,0.41691662824,2099.85636037,8756.03786437,10855.8942247,77.3045429952,12.9358503557,0,16804.133399
ADR1D-0161,train,retardation_only,1000,51,20,86400,49,1800,0.24306619103,1.37387637555,2.58504884819,0,3.87735143675,3159.17069518,5868.7799582,9027.95065337,5.65227261647,176.919987385,0,10635.1641799
ADR1D-0162,train,retardation_only,1000,51,20,86400,49,1800,0.145598982849,1.50435297796,2.41589421378,0,0.712179090881,1692.08837691,7639.99409767,9332.08247458,10.3321668086,96.785119571,0,16592.7959558
ADR1D-0163,train,retardation_only,1000,51,20,86400,49,1800,0.0771819729673,11.4112556343,1.14131949797,0,0.741456333889,686.918566881,8091.18026509,8778.09883197,147.848716425,6.76367048821,0,14787.3843346
ADR1D-0164,train,retardation_only,1000,51,20,86400,49,1800,0.202815310565,15.2994483296,1.62109641731,0,1.24328785706,2642.5265108,10114.2592416,12756.7857524,75.4353716541,13.2563806351,0,7992.96864122
ADR1D-0165,train,retardation_only,1000,51,20,86400,49,1800,0.337447539916,3.88185808217,1.39562416806,0,0.54344842691,2007.59389802,2759.70252541,4767.29642343,11.5035898117,86.9293860757,0,4135.82558168
ADR1D-0166,validation,retardation_only,1000,51,20,86400,49,1800,0.239646407716,17.1805596987,1.68327901505,0,1.7201690122,522.393128066,3787.11267157,4309.50579964,71.6912882709,13.9486961961,0,7024.01104649
ADR1D-0167,train,retardation_only,1000,51,20,86400,49,1800,0.184717845412,15.778354153,2.72923961824,0,0.329457260068,2965.68445741,6627.15808437,9592.84254178,85.4186779728,11.7070414075,0,14775.1810993
ADR1D-0168,train,retardation_only,1000,51,20,86400,49,1800,0.34005017416,1.22062776942,1.49331740051,0,0.858362925192,1851.30826893,2103.26117739,3954.56944632,3.58955196078,278.586300164,0,4391.46194882
ADR1D-0169,train,retardation_only,1000,51,20,86400,49,1800,0.169682022948,2.23641725553,1.2030499055,0,0.908483448196,259.513602941,4185.40502986,4444.9186328,13.1800482848,75.8722561852,0,7090.0257116
ADR1D-0170,train,retardation_only,1000,51,20,86400,49,1800,0.23668278727,12.8018502657,1.23508731638,0,1.13243962937,1122.70882456,8305.14777831,9427.85660287,54.0886408064,18.4881702533,0,5218.32335435
ADR1D-0171,train,retardation_only,1000,51,20,86400,49,1800,0.208714530575,1.44869589719,2.55331873531,0,0.402242581957,2241.77235039,7804.61314075,10046.3854911,6.94103996112,144.070629992,0,12233.545639
ADR1D-0172,train,retardation_only,1000,51,20,86400,49,1800,0.134569203985,17.7662014369,1.35703686664,0,2.36179403605,2732.76025215,6789.89570591,9522.65595805,132.022787613,7.57444997249,0,10084.3047774
ADR1D-0173,validation,retardation_only,1000,51,20,86400,49,1800,0.198232260582,1.72286158682,2.68288984068,0,0.216871033754,2322.96947052,8454.66405333,10777.6335238,8.69112616565,115.05988763,0,13534.0727731
ADR1D-0174,train,retardation_only,1000,51,20,86400,49,1800,0.226449334166,8.99880114747,1.97135065069,0,2.06773519973,2113.0288986,4691.78621742,6804.81511602,39.7386955481,25.164389173,0,8705.48221284
ADR1D-0175,validation,retardation_only,1000,51,20,86400,49,1800,0.282147240849,5.18898711948,1.85984850412,0,0.228124954991,2911.82959747,7938.33171233,10850.1613098,18.3910610073,54.3742418996,0,6591.76569838
ADR1D-0176,train,retardation_only,1000,51,20,86400,49,1800,0.104006872176,4.64771764458,2.42552825649,0,1.10117068203,3290.4979821,9286.17788052,12576.6758626,44.6866399051,22.3780530853,0,23320.8460725
ADR1D-0177,validation,retardation_only,1000,51,20,86400,49,1800,0.0702135615299,4.0368428358,2.30321234217,0,3.5085917736,1818.94552689,8938.12083572,10757.0663626,57.4937768124,17.3931868011,0,32802.9556112
ADR1D-0178,train,retardation_only,1000,51,20,86400,49,1800,0.278350782811,8.27337810014,2.11783185657,0,2.85694054773,1597.98676599,10348.8689565,11946.8557225,29.7228483305,33.6441510882,0,7608.49973254
ADR1D-0179,train,retardation_only,1000,51,20,86400,49,1800,0.269998340011,19.2267928342,2.45240707659,0,0.243086343792,1242.49401563,9945.05349666,11187.5475123,71.2107816418,14.0428173508,0,9083.0450161
ADR1D-0180,test,retardation_only,1000,51,20,86400,49,1800,0.151157390034,3.23762493698,2.62145081883,0,2.90149462908,2046.79358843,3117.68586749,5164.47945592,21.4188994415,46.6877396166,0,17342.5250214
ADR1D-0181,test,retardation_only,1000,51,20,86400,49,1800,0.133964360896,13.5809075564,1.1186054902,0,4.99548122713,361.708983363,3970.29602099,4332.00500435,101.377018974,9.86416852772,0,8350.02296666
ADR1D-0182,test,retardation_only,1000,51,20,86400,49,1800,0.345843374062,10.7498982647,2.06076398082,0,1.85439634618,1042.0797526,6286.09748992,7328.17724252,31.0831407249,32.1717811225,0,5958.66260677
ADR1D-0183,train,retardation_only,1000,51,20,86400,49,1800,0.231724462448,1.78347749264,1.81381969588,0,1.17473154541,3390.18210731,7339.29083928,10729.4729466,7.69654387717,129.92844788,0,7827.48474945
ADR1D-0184,train,retardation_only,1000,51,20,86400,49,1800,0.122770508328,1.00717962474,2.36067653778,0,1.67922284867,222.269397598,3923.46208612,4145.73148372,8.20375869137,121.89534549,0,19228.3681963
ADR1D-0185,train,retardation_only,1000,51,20,86400,49,1800,0.0909297462356,12.0906669967,2.36940286432,0,4.70779647947,3254.47180557,7089.71546718,10344.1872727,132.96712569,7.52065591258,0,26057.5110171
ADR1D-0186,train,retardation_only,1000,51,20,86400,49,1800,0.119573711212,2.40475157303,2.71872824116,0,0.342961254233,3563.75869081,5749.93332961,9313.69202042,20.111039029,49.7239351263,0,22736.8391731
ADR1D-0187,validation,retardation_only,1000,51,20,86400,49,1800,0.0539234964462,3.66250921996,2.52579137267,0,1.51131247813,1537.11284828,7315.6167872,8852.72963549,67.9204699497,14.7231018976,0,46840.2744468
ADR1D-0188,test,retardation_only,1000,51,20,86400,49,1800,0.309638777563,9.41181517479,1.87055988814,0,0.459874314926,1908.41271909,5268.87713373,7177.28985282,30.3961126861,32.8989437014,0,6041.10345243
ADR1D-0189,train,retardation_only,1000,51,20,86400,49,1800,0.224723326449,6.71526561497,2.89756706335,0,0.309013699852,3542.47739089,4909.89997669,8452.37736759,29.8823701174,33.4645476939,0,12893.9309912
ADR1D-0190,test,retardation_only,1000,51,20,86400,49,1800,0.261232547518,14.3474906479,2.66390591908,0,4.38062682992,1360.52619075,5295.09773836,6655.62392911,54.9222935053,18.2075426239,0,10197.4502963
ADR1D-0191,train,retardation_only,1000,51,20,86400,49,1800,0.256564040327,12.8895492201,2.59763589021,0,1.35797681755,1760.48342661,3320.29816386,5080.78159046,50.2391106863,19.9048109399,0,10124.7076048
ADR1D-0192,validation,retardation_only,1000,51,20,86400,49,1800,0.173681259777,1.26517447721,1.16375191519,0,0.677759783163,3436.90137697,4471.50463679,7908.40601376,7.28446165596,137.278504196,0,6700.50365068
ADR1D-0193,train,retardation_only,1000,51,20,86400,49,1800,0.0872595997193,4.56158837791,2.21441285466,0,4.15530260645,2518.68170137,10505.837197,13024.5188984,52.2760635229,19.1292138813,0,25377.2978765
ADR1D-0194,train,retardation_only,1000,51,20,86400,49,1800,0.315303958705,7.82674911331,1.8030963811,0,0.284498380402,3469.7775218,9361.70793561,12831.4854574,24.8228697967,40.2854306609,0,5718.59734494
ADR1D-0195,train,retardation_only,1000,51,20,86400,49,1800,0.186106193337,7.32691579464,1.77994531383,0,0.955258400062,2849.21671282,6455.57815968,9304.7948725,39.3695430725,25.4003455961,0,9564.13798977
ADR1D-0196,train,retardation_only,1000,51,20,86400,49,1800,0.218437089867,6.11791094409,2.23451583604,0,0.221360829847,329.619233725,3190.73845394,3520.35768766,28.0076563363,35.7045226488,0,10229.5623761
ADR1D-0197,test,retardation_only,1000,51,20,86400,49,1800,0.149935284755,11.7513338066,1.53624984333,0,0.578134632146,44.6348050685,2917.85574002,2962.49054509,78.3760395411,12.7590014226,0,10246.086142
ADR1D-0198,validation,retardation_only,1000,51,20,86400,49,1800,0.322938600158,6.33490235928,1.8901209191,0,1.02453170296,2609.21083088,3464.95509416,6074.16592503,19.6164297368,50.9776760307,0,5852.88013939
ADR1D-0199,validation,retardation_only,1000,51,20,86400,49,1800,0.0654662613003,1.90265215617,2.84752469233,0,0.59288961893,2739.94427418,10227.6119007,12967.5561748,29.0630947664,34.4078979901,0,43496.0640149
ADR1D-0200,train,retardation_only,1000,51,20,86400,49,1800,0.346432531459,10.4275269736,2.00556565039,0,0.501347569335,2424.66508164,7768.11480157,10192.7798832,30.0997337916,33.2228851898,0,5789.19549486
ADR1D-0201,validation,retardation_only,1000,51,20,86400,49,1800,0.0834621507861,2.55068168396,2.81516276124,0,3.59365933121,170.389853223,6572.32859909,6742.71845232,30.56093882,32.7215078662,0,33729.8132713
ADR1D-0202,train,retardation_only,1000,51,20,86400,49,1800,0.12950198372,2.46828826924,1.71456744004,0,1.45305592313,1422.61135152,1870.86790172,3293.47925325,19.0598491107,52.4663125187,0,13239.7002021
ADR1D-0203,train,retardation_only,1000,51,20,86400,49,1800,0.2503178319,1.31203863332,2.03646954018,0,0.390333052819,1341.37640492,5111.15221007,6452.52861498,5.24149088125,190.78541252,0,8135.53523024
ADR1D-0204,train,retardation_only,1000,51,20,86400,49,1800,0.196877851593,1.65683926072,2.10199663971,0,4.40850105565,2301.12242517,2606.37099079,4907.49341596,8.41556958954,118.827369836,0,10676.6536851
ADR1D-0205,validation,retardation_only,1000,51,20,86400,49,1800,0.215133432524,19.1442422731,2.27845330766,0,3.37101142931,1920.81363605,9966.9116289,11887.7252649,88.9877600543,11.2375005213,0,10590.8843685
ADR1D-0206,train,retardation_only,1000,51,20,86400,49,1800,0.177044463891,2.99327877961,1.65619132551,0,2.18206607558,2480.48997548,5477.4298383,7957.91981378,16.906932382,59.1473353892,0,9354.66316829
ADR1D-0207,train,retardation_only,1000,51,20,86400,49,1800,0.178614092946,1.07213969076,1.32323508414,0,0.205965534137,95.3809936908,9561.68087389,9657.06186758,6.00254813647,166.595915146,0,7408.34646534
ADR1D-0208,train,retardation_only,1000,51,20,86400,49,1800,0.331160575257,5.84718831361,2.14100566158,0,0.991883316133,103.070338696,6225.04971935,6328.12005804,17.6566558658,56.635866248,0,6465.15866182
ADR1D-0209,train,retardation_only,1000,51,20,86400,49,1800,0.107352160545,16.5112421669,2.9038401296,0,0.524674804856,1452.19182176,2781.82979502,4234.02161678,153.804470102,6.5017616155,0,27049.6663958
ADR1D-0210,train,retardation_only,1000,51,20,86400,49,1800,0.15849850353,4.83986309268,1.20066168172,0,0.660726304551,423.815626972,4595.44320699,5019.25883396,30.5357021352,32.7485510427,0,7575.22408714
ADR1D-0211,train,retardation_only,1000,51,20,86400,49,1800,0.321595531827,3.45610408131,2.51234565403,0,3.19633684838,1160.98748578,5577.92604922,6738.913535,10.7467416033,93.0514603326,0,7812.12860687
ADR1D-0212,train,retardation_only,1000,51,20,86400,49,1800,0.13880085387,10.0145689475,2.78621945353,0,0.631686418639,570.697796551,5922.46961589,6493.16741244,72.1506292523,13.8598929817,0,20073.5036986
ADR1D-0213,train,retardation_only,1000,51,20,86400,49,1800,0.0998737281166,1.42220488005,2.07328498931,0,0.25172418744,798.748644834,2254.20901437,3052.9576592,14.2400299545,70.2245713806,0,20759.0627526
ADR1D-0214,train,retardation_only,1000,51,20,86400,49,1800,0.275186811797,6.92036910348,1.44247472892,0,0.773785764798,3209.36331949,1982.31316855,5191.67648804,25.1478951999,39.7647593188,0,5241.80181273
ADR1D-0215,train,retardation_only,1000,51,20,86400,49,1800,0.164627383466,3.3880868805,2.92953031849,0,0.483482924459,2199.36764474,8248.66746275,10448.0351075,20.5803360849,48.5900714098,0,17794.91514
ADR1D-0216,train,retardation_only,1000,51,20,86400,49,1800,0.328321655353,1.59193717666,2.86164222529,0,3.10513769557,869.947844998,2288.63163612,3158.57948112,4.84871208069,206.240334208,0,8715.97160476
ADR1D-0217,train,retardation_only,1000,51,20,86400,49,1800,0.287493797132,2.00396037677,1.46074879321,0,1.29965060759,2985.76372957,3671.04511218,6656.80884175,6.97044735142,143.462815166,0,5080.9749907
ADR1D-0218,train,retardation_only,1000,51,20,86400,49,1800,0.0600529156322,1.89168531663,1.53060134459,0,2.7256608704,2395.39735939,9076.23640222,11471.6337616,31.5003076324,31.7457217139,0,25487.5442512
ADR1D-0219,train,retardation_only,1000,51,20,86400,49,1800,0.303555829958,4.30476651097,1.28196321284,0,0.449520245093,434.765030629,6998.52020762,7433.28523825,14.181136009,70.5162124785,0,4223.15464347
ADR1D-0220,test,retardation_only,1000,51,20,86400,49,1800,0.29897048965,2.16361740805,1.65914349991,0,0.264493879718,3031.05872743,6108.07551854,9139.13424597,7.23689288057,138.180848674,0,5549.52263634
ADR1D-0221,test,retardation_only,1000,51,20,86400,49,1800,0.270876331832,1.16748250166,2.33081508195,0,0.304355743774,936.166925559,9173.67951643,10109.846442,4.31002034677,232.01746617,0,8604.72033931
ADR1D-0222,test,retardation_only,1000,51,20,86400,49,1800,0.1124301722,2.85082192369,2.75161647984,0,0.373719293771,841.49160034,8613.79386708,9455.28546742,25.3563778113,39.4378095895,0,24474.0039617
ADR1D-0223,train,retardation_only,1000,51,20,86400,49,1800,0.247282559737,8.40146690122,2.1667876624,0,0.814852252992,1642.16091466,7470.91505651,9113.07597118,33.9751695799,29.4332600062,0,8762.39579817
ADR1D-0224,validation,retardation_only,1000,51,20,86400,49,1800,0.193500576481,4.08421248387,2.25230101218,0,0.35178420531,1077.97190566,9640.31346638,10718.285372,21.1069783778,47.3776957601,0,11639.763835
ADR1D-0225,train,retardation_only,1000,51,20,86400,49,1800,0.0969244538,2.0564380104,1.9439427883,0,0.276135259023,1001.23015844,9825.12522817,10826.3553866,21.2169161628,47.1322030179,0,20056.2676609
ADR1D-0226,train,retardation_and_decay,1000,51,20,86400,49,1800,0.269606301172,11.0189667918,2.3607339058,6.50988744105e-07,4.62070307753,1162.69636528,7728.27003722,8890.9664025,40.8705833057,24.4674756051,0.00570020505389,8756.22674817
ADR1D-0227,train,retardation_and_decay,1000,51,20,86400,49,1800,0.258161144613,7.29442202697,2.15817140738,8.70450781053e-07,1.60875910649,3439.54594829,5476.99363637,8916.53958466,28.2553055686,35.3915832753,0.00727678051637,8359.78400476
ADR1D-0228,validation,retardation_and_decay,1000,51,20,86400,49,1800,0.0535570954814,1.06280738454,2.276688815,2.19070370174e-06,1.76300579202,2894.8698556,5224.68482432,8119.55467992,19.8443805621,50.3920995099,0.0931258607267,42509.5646904
ADR1D-0229,validation,retardation_and_decay,1000,51,20,86400,49,1800,0.327971595609,15.186882177,2.57450843062,4.89405500509e-07,0.655232664268,1404.19506004,10491.2576677,11895.4527278,46.3054800487,21.5957160783,0.00384173082037,7849.79085108
ADR1D-0230,train,retardation_and_decay,1000,51,20,86400,49,1800,0.190402551362,5.69084002992,1.73090405776,1.31045084302e-06,1.70115670316,3341.96780485,8517.41027705,11859.3780819,29.8884651976,33.4577233521,0.0119129952064,9090.76084001
ADR1D-0231,train,retardation_and_decay,1000,51,20,86400,49,1800,0.340367479678,8.45024102109,2.1711089655,2.32607436685e-07,4.19229781779,619.305574126,6018.34640713,6637.65198125,24.826816678,40.2790262228,0.00148373778748,6378.72033942
ADR1D-0232,train,retardation_and_decay,1000,51,20,86400,49,1800,0.152390455114,4.29670531128,1.90886728558,5.28023072775e-07,2.04669774015,3540.24061596,9559.79743189,13100.0380479,28.1953702945,35.4668156352,0.00661410170932,12526.1604092
ADR1D-0233,train,retardation_and_decay,1000,51,20,86400,49,1800,0.311855025999,7.707332152,1.81287216868,2.98086479362e-07,2.00699828055,134.677707227,6767.36042645,6902.03813368,24.7144714994,40.462123579,0.00173283300651,5813.188878
ADR1D-0234,validation,retardation_and_decay,1000,51,20,86400,49,1800,0.262239357684,1.08759504146,2.0698365227,1.15783550171e-06,0.613370361911,2590.55726198,7464.28223108,10054.8394931,4.1473371925,241.118566826,0.00913871292963,7892.92858623
ADR1D-0235,validation,retardation_and_decay,1000,51,20,86400,49,1800,0.185571485239,1.2096737146,1.47015723667,4.28675473459e-06,3.0671572129,2356.71808955,9925.95684709,12282.6749366,6.51864004346,153.406230952,0.0339610554218,7922.32295162
ADR1D-0236,train,retardation_and_decay,1000,51,20,86400,49,1800,0.227026226127,7.38255823422,1.97321490085,5.57862435999e-07,3.44432329587,3370.18377843,4233.29008068,7603.47385911,32.5185259878,30.7517013648,0.00484870180029,8691.57248706
ADR1D-0237,test,retardation_and_decay,1000,51,20,86400,49,1800,0.138815804641,3.58711608037,2.47850271426,1.47511351577e-07,2.13509739433,1306.18362538,8916.12590517,10222.3095306,25.8408333954,38.6984422948,0.00263375835491,17854.6147585
ADR1D-0238,test,retardation_and_decay,1000,51,20,86400,49,1800,0.102184458085,6.00851090394,1.62063988332,1.10068152318e-06,0.514873888125,3565.24004226,10105.8748201,13671.1148623,58.8006338396,17.0066193968,0.0174567484012,15859.9449828
ADR1D-0239,train,retardation_and_decay,1000,51,20,86400,49,1800,0.343264158358,14.3356822994,1.84251221402,1.7741803132e-06,0.382650177934,2047.86491992,5396.45045414,7444.31537406,41.7628288605,23.9447381149,0.00952312910437,5367.62190038
ADR1D-0240,test,retardation_and_decay,1000,51,20,86400,49,1800,0.159426029292,1.48379904608,2.93262570182,9.3104886872e-06,1.15407615923,674.519845285,2063.5975853,2738.11743058,9.30713166898,107.444488331,0.171265498751,18394.8989688
ADR1D-0241,train,retardation_and_decay,1000,51,20,86400,49,1800,0.0734823608231,2.58390511939,1.28613374906,8.32169276663e-07,2.69591466583,3490.27186798,10318.0515498,13808.3234177,35.163610565,28.4384903578,0.0145651416157,17502.6187871
ADR1D-0242,validation,retardation_and_decay,1000,51,20,86400,49,1800,0.171492174544,3.86115987923,2.77890300553,1.63806373471e-05,0.477854515977,3173.69071953,4627.49544092,7801.18616045,22.5150791252,44.4146784667,0.265436032154,16204.255459
ADR1D-0243,train,retardation_and_decay,1000,51,20,86400,49,1800,0.330014756908,5.27135008253,1.75089674369,1.00932908354e-05,2.23843409582,862.666591917,10416.8981013,11279.5646933,15.9730738465,62.6053575916,0.0535500600712,5305.51045686
ADR1D-0244,test,retardation_and_decay,1000,51,20,86400,49,1800,0.121785856629,1.8202771831,2.42540751882,2.24333077402e-06,1.16723212358,1450.08601114,10664.6435524,12114.7295636,14.9465400456,66.9051162977,0.044676709407,19915.3463789
ADR1D-0245,train,retardation_and_decay,1000,51,20,86400,49,1800,0.237446073091,5.53037288281,2.49499339259,5.30807322122e-06,0.301761497273,1793.99003216,8084.01309508,9878.00312724,23.2910690449,42.9349120073,0.0557752227356,10507.6212047
ADR1D-0246,train,retardation_and_decay,1000,51,20,86400,49,1800,0.27121351828,6.04451387751,2.1161112046,3.31073742221e-06,1.79099363099,2537.74092938,8701.21890026,11238.9598296,22.2869196043,44.8693681206,0.0258316347911,7802.38100969
ADR1D-0247,train,retardation_and_decay,1000,51,20,86400,49,1800,0.0625768088714,1.96926153637,2.09060214105,1.19525655602e-06,0.892196693255,1846.36432779,4525.28024026,6371.64456805,31.4695103807,31.7767892765,0.0399318207525,33408.5770553
ADR1D-0248,train,retardation_and_decay,1000,51,20,86400,49,1800,0.250124084591,2.0146810885,1.15829644696,6.91382871787e-06,4.82953652312,278.796663908,4993.77967625,5272.57634016,8.05472648422,124.150708526,0.0320171616096,4630.88730081
ADR1D-0249,train,retardation_and_decay,1000,51,20,86400,49,1800,0.122357348172,6.76262770195,1.30973123062,1.93278750367e-06,0.547144354873,810.047116821,9682.85794211,10492.9050589,55.2694856742,18.0931663793,0.0206888445485,10704.1485467
ADR1D-0250,train,retardation_and_decay,1000,51,20,86400,49,1800,0.179020003814,9.64276081791,1.92766449573,1.55545666098e-05,1.24148198856,2624.93554149,3900.73130729,6525.66684878,53.8641526784,18.5652228853,0.167489583071,10767.8720515
ADR1D-0251,train,retardation_and_decay,1000,51,20,86400,49,1800,0.282316210385,6.29343872327,2.62712638776,1.15112338696e-07,0.370416160151,2229.32701435,6597.29290151,8826.61991586,22.2921620926,44.8588161097,0.00107119127921,9305.61650772
ADR1D-0252,train,retardation_and_decay,1000,51,20,86400,49,1800,0.277797996814,2.6579696024,2.87306171436,3.55657996398e-06,0.462110678799,1077.6005674,3117.09482489,4194.69539229,9.5679941284,104.515114305,0.0367831080345,10342.2693731
ADR1D-0253,train,retardation_and_decay,1000,51,20,86400,49,1800,0.0948307621514,18.7293461831,1.22209886963,3.57863376144e-07,0.357236783906,81.7854655115,8840.32764254,8922.11310805,197.502854118,5.0632179695,0.00461184132181,12887.1564659
ADR1D-0254,test,retardation_and_decay,1000,51,20,86400,49,1800,0.21894205727,3.41762782266,1.26194554223,1.95079045175e-06,0.933756848356,209.565210197,3187.12321061,3396.6884208,15.6097364996,64.0625804303,0.011244031161,5763.8333994
ADR1D-0255,train,retardation_and_decay,1000,51,20,86400,49,1800,0.086800993275,1.00869311182,1.4379433776,4.27751613068e-07,0.716265184776,2282.21447301,1985.59441681,4267.80888982,11.6207554057,86.0529255707,0.00708612397232,16565.9783759
ADR1D-0256,train,retardation_and_decay,1000,51,20,86400,49,1800,0.136783016742,10.6744987748,2.91068767484,1.0223795322e-07,0.245401403891,24.070190514,2648.04736888,2672.11755939,78.0396501633,12.8139990109,0.0021755825937,21279.5984777
ADR1D-0257,train,retardation_and_decay,1000,51,20,86400,49,1800,0.349056011993,4.05967223141,2.06105338099,1.89383641322e-05,0.494515871531,167.535967454,9089.39212303,9256.92809048,11.6304320565,85.9813285644,0.11182440091,5904.6494264
ADR1D-0258,train,retardation_and_decay,1000,51,20,86400,49,1800,0.0754018973915,4.01838907989,1.50877291574,4.88548021307e-06,0.813737945804,3113.42075609,5588.38089119,8701.80164729,53.2929437973,18.7642102077,0.0977572246972,20009.7473398
ADR1D-0259,validation,retardation_and_decay,1000,51,20,86400,49,1800,0.0789780607087,1.15830567781,2.59955782573,3.84091561825e-06,0.418704083623,2471.49753409,5746.41634643,8217.91388052,14.6661701669,68.1841263683,0.126423492345,32914.9361532
ADR1D-0260,train,retardation_and_decay,1000,51,20,86400,49,1800,0.0998070354336,15.921720912,2.64808460341,3.16022000452e-07,4.42690154753,398.592638068,9244.95004338,9643.54268145,159.525035914,6.2686085245,0.00838470945562,26532.0434768
ADR1D-0261,train,retardation_and_decay,1000,51,20,86400,49,1800,0.240881474653,1.69246063266,2.76227336681,3.06221682156e-06,3.9479541743,2692.36427283,7822.36060682,10514.7248796,7.02611371463,142.326190639,0.035115527177,11467.3549338
ADR1D-0262,validation,retardation_and_decay,1000,51,20,86400,49,1800,0.131984447904,14.6585776193,1.95165170111,4.6139170809e-07,0.236877809816,472.98795692,1876.6835301,2349.67148702,111.062915761,9.00390551741,0.00682259104215,14786.9823461
ADR1D-0263,test,retardation_and_decay,1000,51,20,86400,49,1800,0.0912439608261,2.3807589212,1.3425412255,2.39041960529e-07,0.746741480551,352.49464383,3409.00379338,3761.49843721,26.0922355808,38.3255776188,0.00351720468653,14713.7543499
ADR1D-0264,train,retardation_and_decay,1000,51,20,86400,49,1800,0.307158204115,8.72732158091,1.39942576523,4.04599994952e-06,0.596185961921,2177.44412781,3628.16981512,5805.61394293,28.4131156647,35.1950138731,0.0184337468432,4556.04228204
ADR1D-0265,train,retardation_and_decay,1000,51,20,86400,49,1800,0.334603243437,1.83101527187,2.00789893087,6.12701724275e-06,0.2109787912,1230.7944331,6913.82907665,8144.62350975,5.47219821619,182.74191842,0.0367672209174,6000.83522874
ADR1D-0266,train,retardation_and_decay,1000,51,20,86400,49,1800,0.128478236067,2.21117045558,2.99245721445,1.78679949354e-05,0.347588361242,2673.29578984,2830.42668832,5503.72247815,17.2104671053,58.1041754347,0.416173291203,23291.5496511
ADR1D-0267,train,retardation_and_decay,1000,51,20,86400,49,1800,0.322197196726,2.73494150533,2.82184561006,1.62238599361e-07,0.968084771064,664.082275027,4841.12333531,5505.20561033,8.48840875439,117.807710365,0.00142090708436,8758.13209651
ADR1D-0268,train,retardation_and_decay,1000,51,20,86400,49,1800,0.108946590294,1.30521753305,1.58361645317,3.5435918218e-07,0.253488725109,1054.31038799,6310.41568282,7364.72607082,11.9803431162,83.4700634451,0.00515086364537,14535.713774
ADR1D-0269,train,retardation_and_decay,1000,51,20,86400,49,1800,0.25673816679,1.54691950964,2.96430048968,2.57079084621e-06,0.200470022322,1971.4362092,2613.23146043,4584.66766963,6.02528065453,165.967372698,0.029682367291,11546.0062941
ADR1D-0270,train,retardation_and_decay,1000,51,20,86400,49,1800,0.208573053868,17.2358038671,1.35878872241,9.24978634421e-07,1.40048870608,288.285185099,9810.71123301,10098.9964181,82.6367718524,12.1011503424,0.00602594876766,6514.68968408
ADR1D-0271,train,retardation_and_decay,1000,51,20,86400,49,1800,0.197992560619,4.80355096873,1.11964688278,2.73785915014e-06,2.78884847229,915.77115321,2923.68641107,3839.45756428,24.2612699877,41.2179576958,0.0154825790089,5654.99470931
ADR1D-0272,train,retardation_and_decay,1000,51,20,86400,49,1800,0.0684231043483,3.05302943159,1.19551145221,1.20402333275e-05,2.94142384708,894.628406563,8273.45540284,9168.08380941,44.6198613856,22.4115442977,0.210370999202,17472.3357496
ADR1D-0273,train,retardation_and_decay,1000,51,20,86400,49,1800,0.0599028352772,8.04974737162,1.78162913921,8.8510893932e-06,1.44326698893,2333.65778676,4366.15423677,6699.81202353,134.380072903,7.44157953184,0.263248954807,29741.9835133
ADR1D-0274,train,retardation_and_decay,1000,51,20,86400,49,1800,0.113736805534,13.8226791041,1.69438807441,2.68328907021e-07,0.406926966656,963.912079021,7663.96457717,8627.87665619,121.532155218,8.22827504548,0.00399741577004,14897.4473695
ADR1D-0275,train,retardation_and_decay,1000,51,20,86400,49,1800,0.29284379209,1.33113652842,1.64370264152,1.895907203e-07,4.25094851991,1582.52320628,2342.13618936,3924.65939564,4.54555146593,219.995309149,0.00106415357327,5612.89904691
ADR1D-0276,train,retardation_and_decay,1000,51,20,86400,49,1800,0.143671217838,1.39311296807,1.79129881265,1.48002695073e-05,0.268911647384,1904.4259263,2226.0411783,4130.46710459,9.69653483167,103.129624898,0.184530385377,12468.0422398
ADR1D-0277,train,retardation_and_decay,1000,51,20,86400,49,1800,0.231095208625,3.17793200653,1.54827917246,5.8208406496e-06,1.04815505159,1756.31871827,4116.04073381,5872.35945208,13.7516135684,72.7187391518,0.0389981531751,6699.74588255
ADR1D-0278,train,retardation_and_decay,1000,51,20,86400,49,1800,0.198928064255,10.4798048556,2.38821901994,1.26778158259e-05,2.60197279909,1510.35819507,6162.32066515,7672.67886022,52.6813795468,18.9820389785,0.15220276234,12005.4404032
ADR1D-0279,test,retardation_and_decay,1000,51,20,86400,49,1800,0.0837656411707,2.08056767153,2.21664265091,1.4006835655e-06,0.667100842062,3251.69897276,5966.61134124,9218.310314,24.8379603194,40.2609548908,0.0370654947341,26462.4328058
ADR1D-0280,train,retardation_and_decay,1000,51,20,86400,49,1800,0.213900533052,2.44448151022,2.45652161631,1.39459277344e-07,0.226475216199,723.821092585,7999.31966925,8723.14076183,11.4281225733,87.5034366828,0.0016016076468,11484.4109141
ADR1D-0281,test,retardation_and_decay,1000,51,20,86400,49,1800,0.169213770807,10.0380066552,2.87677228172,9.771556695e-07,2.46430152508,3296.08111904,9122.00088253,12418.0820016,59.3214524284,16.8573080911,0.0166124443154,17000.8165883
ADR1D-0282,validation,retardation_and_decay,1000,51,20,86400,49,1800,0.175362454247,9.34866695424,2.24093103747,7.63027922104e-06,1.33112307604,1622.07765434,6393.88043562,8015.95808997,53.3105389885,18.7580170633,0.0975062170774,12778.8530738
ADR1D-0283,train,retardation_and_decay,1000,51,20,86400,49,1800,0.149067518133,4.64364579823,2.83330577363,2.74935643396e-07,0.309928766054,2763.92332356,5070.66651289,7834.58983645,31.1512920883,32.1013971801,0.00522566388418,19006.8621865
ADR1D-0284,train,retardation_and_decay,1000,51,20,86400,49,1800,0.186382224888,1.57768816016,1.13676886214,3.973157063e-07,0.284037955894,3015.45993401,3787.12026963,6802.58020364,8.46479947917,118.136289284,0.00242327895608,6099.12701074
ADR1D-0285,train,retardation_and_decay,1000,51,20,86400,49,1800,0.243186372087,13.0817205144,2.39416378416,8.21271101985e-06,1.29862234575,1664.95918354,3995.58334523,5660.54252877,53.7929835545,18.5897850225,0.0808539357067,9844.97512591
ADR1D-0286,test,retardation_and_decay,1000,51,20,86400,49,1800,0.303941515343,1.234251665,1.67194690903,1.63384930833e-06,2.38057616871,1936.57009633,4784.06229716,6720.6323935,4.06081960737,246.25570616,0.0089876149292,5500.88363924
ADR1D-0287,train,retardation_and_decay,1000,51,20,86400,49,1800,0.316494414355,2.26571152926,2.5252635455,2.08230939813e-07,3.12189240925,2416.10673551,7058.13196102,9474.23869654,7.15877256123,139.688751311,0.00166144480757,7978.85659578
ADR1D-0288,train,retardation_and_decay,1000,51,20,86400,49,1800,0.0543508916713,16.4915435191,2.72903918761,1.87073184262e-07,0.439383900808,2868.64567928,10766.8741757,13635.5198549,303.427285403,3.29568251804,0.00939322309353,50211.4887849
ADR1D-0289,validation,retardation_and_decay,1000,51,20,86400,49,1800,0.286384077009,12.0925068263,2.3254293337,1.15817420028e-07,1.08535623574,2826.86174389,7312.36418292,10139.2259268,42.2247876091,23.6827715809,0.000940433660628,8119.96727609
ADR1D-0290,train,retardation_and_decay,1000,51,20,86400,49,1800,0.301951394525,11.7734507454,2.29554508011,7.20509900628e-07,0.991681819379,1358.60085259,9434.00767247,10792.6085251,38.9912116945,25.6468049219,0.00547758012563,7602.36621434
ADR1D-0291,validation,retardation_and_decay,1000,51,20,86400,49,1800,0.296855297056,2.86914347671,1.57482262464,1.37939011583e-05,0.850245532861,2115.01223079,7136.80455265,9251.81678345,9.66512474315,103.46477946,0.0731768906993,5305.0177654
ADR1D-0292,train,retardation_and_decay,1000,51,20,86400,49,1800,0.116574541017,19.7457099988,1.4966737815,1.29732820422e-07,3.70554655931,2088.71379248,3513.87609198,5602.58988447,169.382695626,5.90379079931,0.00166560991133,12838.7705278
ADR1D-0293,train,retardation_and_decay,1000,51,20,86400,49,1800,0.156780068122,1.67102813829,1.40505061491,5.92319636089e-07,0.561245740327,537.989545621,7363.1223096,7901.11185523,10.6584220705,93.8225183223,0.00530832189882,8961.92119151
ADR1D-0294,train,retardation_and_decay,1000,51,20,86400,49,1800,0.321971987104,4.98803083982,2.69732912478,1.08691068564e-05,0.280426754662,1688.39314427,6663.844511,8352.23765527,15.4921267675,64.5489166856,0.0910562398539,8377.52734031
ADR1D-0295,train,retardation_and_decay,1000,51,20,86400,49,1800,0.223684675022,4.49751783387,1.87343734392,4.81935908136e-06,0.787706266953,1129.50332716,8634.25585621,9763.75918337,20.1065085636,49.7351390888,0.0403638169484,8375.34955728
ADR1D-0296,train,retardation_and_decay,1000,51,20,86400,49,1800,0.215657984801,3.62812662728,2.56590034742,2.76722925886e-06,1.91669854677,1290.85925603,9992.71270034,11283.5719564,16.823520959,59.4405893056,0.0329245148204,11898.0076244
ADR1D-0297,test,retardation_and_decay,1000,51,20,86400,49,1800,0.247029102865,17.8770759396,2.68221429497,7.0551762637e-06,3.34801863127,3051.90054208,2415.91457987,5467.81512195,72.3682988452,13.8182051528,0.076604312644,10857.8878515
ADR1D-0298,validation,retardation_and_decay,1000,51,20,86400,49,1800,0.202008310871,12.6825631542,2.20228297237,1.69352677372e-07,3.59222230616,522.213227279,8382.89483412,8905.1080614,62.7823830589,15.9280350837,0.00184627313646,10901.9424145
ADR1D-0299,test,retardation_and_decay,1000,51,20,86400,49,1800,0.28056460231,7.03313204376,1.23732962153,7.27766959789e-07,1.5088602378,3147.6746033,3319.66074922,6467.33535252,25.0677811308,39.8918434298,0.00320955533771,4410.14159071
ADR1D-0300,test,retardation_and_decay,1000,51,20,86400,49,1800,0.164545397592,3.22305650474,2.03666961246,1.54980366132e-06,0.3329671627,2931.42195675,5841.01190389,8772.43386063,19.5876429965,51.0525947497,0.0191827791509,12377.5544152
